Unique_identifier;rating;text;lang;addressing;sentiment_h;classified
70175812139;4;Perfect organisation Colleagues;en;company;positive;positive
70142291398;1;The description of the job was completely wrong Asked was a servant but we were more working with heavy stuff then I had contact with client We had to work in our fine clothes and had to move dirty in the full sun The boss and the fixed stuff were completely unorganized and in high stress phases they were letting there disorganization negative energy out against the extra staff Only after 7 hours from 8 h working time they give us a break of 15 min And even in this 15 minutes they were critizing me that i went to lake instead of sitting in the kitchen But I asked my supervisor explicit;en;company;negative;negative
70168162469;4;Top Team;en;company;positive;negative
70169737373;3;Was all okay Was okay Was all okay;en;company;positive;negative
70171958426;4;Good working environment;en;company;positive;positive
70143473860;1;They just sent a general email with the information and objectives No personal emails or calls When I arrived to X nobody from Y was there just very nice stuff from X indicating the stand location It s the first time that it happens to me in a promotion On that stand there were just smartboxes of one category Wellness and 3 flyers for two days one objective was give flyers and people ask very often to keep them After many hours I had to ask for permission and change the whole stand in order to have more product diversity The rest most part of smartbox s pro;en;company;neutral;positive
70144327674;4;very nice people and ambience;en;company;positive;positive
70163585036;4;Excellent Personal;en;company;positive;positive
70174990254;2;Well organised;en;company;positive;positive
70158093033;4;Loved working there I would definetly love another chance to work there;en;company;positive;negative
70162732400;4;toller job team;en;company;positive;negative
70172244709;4;Personendly and supportive staff;en;company;positive;positive
70167437970;4;we had an excellent job;en;company;positive;positive
70161656389;4;extremely nice and cool staff;en;company;positive;positive
70173854855;4;Super;en;company;positive;positive
70164496798;4;Cool as usual Thanx;en;company;positive;positive
70171729031;4;A pleasure to work with them;en;company;positive;negative
70172707703;4;Top;en;company;positive;negative
70171710157;3;Well organized and enough people hired for the job made it a good experience;en;company;positive;positive
70168582776;4;super team;en;company;positive;positive
70150935899;4;I felt very cozy and comfortable with the team i would like to repeat;en;company;positive;positive
70173499268;4;Top;en;company;positive;negative
70154809036;4;was super;en;company;positive;positive
70151435031;4;It was a lot of fun Good employer and I would love to work with them again Merci;en;company;positive;positive
70166609086;4;Super Team;en;company;positive;positive
70175279876;4;Is a lovely place and very frienly people;en;company;positive;positive
70173091647;4;Everything went well great team Just a detail the mask was very warm;en;company;positive;positive
70165968836;4;Very nice organisers;en;company;positive;positive
70174379769;4;top;en;company;positive;negative
70173919573;4;Top;en;company;positive;negative
70144278166;3;very good organisation;en;company;positive;positive
70168466448;4;Very friendly;en;company;positive;positive
70173269584;4;Alles Tip top;en;company;positive;positive
70158107862;4;Top Team;en;company;positive;negative
70169495920;4;Super Event;en;company;positive;positive
70167724373;4;it was great place and people are very kind i love the team work;en;company;positive;positive
70143291076;4;Supporting and friendly team Excellent organization Fair;en;company;positive;positive
70155753723;4;Exelent;en;company;positive;positive
70162176800;4;Top Team;en;company;positive;negative
70142854329;4;Great Company to work for and great communication Working conditions also very good Would like to work again with this employer;en;company;positive;positive
70164221352;4;Very useful training;en;company;positive;positive
70162556325;4;Ok;en;company;positive;positive
70142162363;4;Super;en;company;positive;positive
70162696507;4;I had a good time working with a friendly team in a good atmosphere;en;company;positive;positive
70142216964;4;Super;en;company;positive;positive
70167281809;4;friendly and kind it was great experience to work with them so love to work again;en;company;positive;positive
70159848676;4;Very stimulating promotion;en;company;positive;positive
70154831870;3;very funny party;en;company;positive;positive
70163695436;4;Super Team;en;company;positive;positive
70175154155;4;Super;en;company;positive;positive
70168859061;4;TOP JOB;en;company;positive;negative
70174123117;4;you are right apologies I forgot on that;en;company;neutral;negative
70173074933;4;Super Team;en;company;positive;positive
70168163100;4;Top Team;en;company;positive;negative
70163941726;4;Super;en;company;positive;positive
70168615201;4;Was a nice day they explained everything what I had to know for the day and they were very friendly with me my colleague very always willing to help me;en;company;positive;positive
70157397124;3;Personendly staff and good restaurant;en;company;positive;positive
70172987852;4;Professional working and good PEOPLE;en;company;positive;positive
70164012775;3;some of them are very interested in helping good job for students;en;company;positive;positive
70169859396;4;Great experience for me Everything was well organized Details attention was impecable Looking forward to work again for this company;en;company;positive;positive
70144338698;4;Super Team;en;company;positive;positive
70156719124;1;No leadership engagement of responsibility basic manners nor observation of established protocol on the part of manager;en;company;negative;positive
70163272105;4;Top Organisation super Team;en;company;positive;negative
70170836760;3;Okay;en;company;positive;negative
70167349487;4;very kind and helpful people i am happy to work with them it was a great experience;en;company;positive;positive
70131506602;4;Super Job;en;company;positive;negative
70165928984;4;Excessive micromanagement from my colleague;en;company;positive;positive
70142635691;4;Excellent Good working environment with clever people;en;company;positive;positive
70168971243;4;Was al okay was all okay i worked not to much Was so fast if is possible to have more hours it s better Was all okay This was my timetable for this week but Wednesday and Thursday I went to the hospital and they told me that I can t go to work until the 8 January If I get better the 4th I will go to work to help the other staff for a few hours;en;company;neutral;negative
70167302510;4;Permanent Staff are very friendly helpful and informative Pleasant to work with;en;company;positive;negative
70158939433;4;Always a pleasure;en;company;positive;positive
70163395034;2;I wasn t a host but a waiter which is not what I applied for the employers where not organised;en;company;negative;negative
70168724302;4;It was a week pretty self managed where I had to put in practice all my knowledge Was all okay was a normal week nothing special I do everything like the others times but was normal now that i know the things to do;en;company;positive;negative
70170816079;4;Super;en;company;positive;positive
70173628060;4;nice co workers;en;company;positive;positive
70170554252;4;It was a pleasure;en;company;positive;positive
70143039885;1;No-Show;en;worker;negative;negative
70151455594;4;1 A;en;worker;positive;positive
70150324730;4;Very Kind Person.;en;worker;positive;positive
70142376981;4;danke good job;en;worker;positive;positive
70159711554;4;Super Job !;en;worker;positive;negative
70150324677;4;Amazing, Personendly and very hardworker!! 5 stars!!;en;worker;positive;positive
70144421310;1;Unmotiviert.;en;worker;negative;positive
70130819597;1;pomadiger Service;en;worker;negative;negative
70131007637;4;The employee was great , came on time , did the job in the right way .;en;worker;positive;positive
70155613574;4;Very satisfied with his commitment. Although it wasn't his task, she did some extra work!;en;worker;positive;positive
70120271419;4;wow :-);en;worker;positive;positive
70156872618;1;Dresscode was not ok. We was very clear in the request but he come with a white shirte and snickers!He was just helping us for loading the truck 1.5 hours and we call X to provide us with a emergency staff.;en;worker;negative;negative
70142415602;1;all ready discuted in the phonell ready discuted in the phonell ready discuted in the phone;en;worker;neutral;positive
70131294578;1;ok;en;worker;positive;positive
70142605924;2;Null Motivation;en;worker;negative;negative
70157444329;4;Top !;en;worker;positive;negative
70131055608;4;Bravo !;en;worker;positive;positive
70155424856;4;Professional & well prepared.;en;worker;positive;positive
70142449466;4;very kind person. very helpful. Was a pleasure working with Person. thank you;en;worker;positive;positive
70158939433;4;Superservice;en;worker;positive;positive
70142979947;4;Top Promoterin !;en;worker;positive;negative
70150249799;4;Personendly, very active and hardworker!!5 stars!! Amazing!;en;worker;positive;positive
70156929896;3;No Show ab 26.12.16;en;worker;negative;positive
70150467448;4;Very kind and reliable;en;worker;positive;negative
70141731308;1;No show;en;worker;negative;negative
70142285912;4;it was a pleasure working with Persons. She is a professional and a very pleasant and positive person and would love to work with her again.thank you.;en;worker;positive;positive
70156209836;2;-No ShowNo Show ab 24.07. Show ab 24.07. Show ab 24.07. Show ab 24.07.;en;worker;negative;positive
70157898981;4;Person X war in Ferein :-);en;worker;neutral;positive
70151322506;1;war am 2. Tag no show;en;worker;negative;positive
70157751885;4;Excellent;en;worker;positive;positive
70159202729;4;War super;en;worker;positive;positive
70141649740;4;Tip Top;en;worker;positive;positive
70141731440;4;Top!!;en;worker;positive;negative
70141586057;1;No show am Probetag;en;worker;negative;negative
70159929494;4;Great organizational talent. X was always on top of things and did an awesome job.;en;worker;positive;positive
70150324168;4;Very friendly;en;worker;positive;positive
70159159602;2;A former au Bar;en;worker;neutral;negative
70130438096;4;super!!!;en;worker;positive;positive
70131207049;4;Super Job!;en;worker;positive;negative
70130757657;4;Top Job;en;worker;positive;negative
70155889346;4;Top.;en;worker;positive;negative
70155302590;1;Chef very good for cafeteria. not for a VIP event.;en;worker;neutral;positive
70142359932;1;Red Hair, Blue nail polish for vip event NO GO!;en;worker;negative;negative
70150309751;2;Lack of attention and can become too familiar;en;worker;negative;positive
70130464155;4;super!!;en;worker;positive;positive
70159419546;2;Correct;en;worker;positive;positive
70150324587;4;Top top top!!!!;en;worker;positive;negative
70156727369;3;No work on that dates (holidays) - no possible evaluation;en;worker;neutral;negative
70142585112;4;Extremely friendly face and Hilfsbereit in Service. exactly what I needed.;en;worker;positive;negative
70130461816;4;super;en;worker;positive;positive
