id;classified;text;lang
70171960990;positive;a very friendly and professional environment;en
70158305657;positive;amazing and friendly place loved every minute;en
70130835891;positive;amazing view and location;en
70174723525;neutral;breakfast n learning german;en
70164496798;positive;cool as usual thanx;en
70174890603;positive;cool event;en
70156277796;positive;during the sap event cyril was very professional and relaxed the event ran smoothly and even if it was a bit long it was a lot of fun well done to the sap team;en
70170979675;positive;everybody was very helpful and friendly;en
70173091647;positive;everything went well great team just a detail the mask was very warm;en
70165052355;positive;excellent company great boss manager;en
70164407232;positive;excellent igor is amazing guy;en
70164589936;positive;excellent practical training that is very useful;en
70175644893;positive;exellent organisation perfect team;en
70157733353;positive;fast paced environment i was grateful for the opportunity;en
70167160714;positive;free parking lunch and beverages well appreciated staff was friendly and very helpful overall great experience;en
70172244709;positive;friendly and supportive staff;en
70142914806;positive;good atmosphere;en
70144708419;positive;good job;en
70155878580;positive;good team well organized;en
70171958426;positive;good working environment;en
70160038446;positive;good;en
70163394639;positive;great experience it was a real pleasure working with dario and the rest of the team;en
70169658594;positive;great organization kind personality enjoyable shift;en
70162685209;positive;great staff super friendly and very helpful;en
70172162397;positive;great the people at the reception are very helpful and kind and it was a pleasure working with them best staff finder experience ever;en
70173503973;positive;great;en
70172685889;neutral;happy birtday guggi;en
70173066667;positive;hello where can i het a refund for the ticket sincerely pm;en
70162692095;positive;i d like to thank ohbox for taking into consideration my suggestions ipad and flyers they were very helpful sales tools;en
70150935899;positive;i felt very cozy and comfortable with the team i would like to repeat;en
70165109261;negative;i was told 7 hours but worked only 3 hours it cost me half the money which i earned today to go to biel;en
70170847890;positive;i was well accepted and trained very nice work atmosphere;en
70173826740;positive;it s amusing and kind of fun definitely nice and funny people;en
70172158983;positive;it was a great team work;en
70151435031;positive;it was a lot of fun good employer and i would love to work with them again merci;en
70170554051;positive;it was a pleasure;en
70163787319;positive;it was a really good job i had a great experience in a great environment;en
70163593079;positive;it was a really good job i had a great experience in a great environment;en
70164071102;positive;it was excellent;en
70165366463;positive;it was excellent;en
70167236809;positive;it was excellent;en
70165121239;positive;it was excellent;en
70166320555;positive;it was excellent;en
70167395770;positive;it was excellent;en
70157312664;positive;it was good and the people i worked with were very friendly and helpful liked my time there;en
70150748265;positive;it was very funny and very interesting the employer was very satisfated for my work and i was the same for me i find this hotel very organizated and i am looking for a soon request for a working;en
70155627353;negative;it would have been helpful to known that lunch snack will not be provided by employer and that there are no near possibilities to buy it ourselves;en
70172727928;negative;just 30min break;en
70173778841;positive;love it thank you;en
70174547321;positive;m way the way to go;en
70120166276;neutral;mystery check;en
70173628060;positive;nice co workers;en
70155209041;positive;nice day work;en
70156743604;negative;no leadership engagement of responsibility basic manners nor observation of established protocol on the part of manager;en
70156719124;negative;no leadership engagement of responsibility basic manners nor observation of established protocol on the part of manager;en
70164136034;negative;on friday at 19 00 i went in locarno for work in according with employment contract but when i arrive at the job appointment the manager said me that the company did a mistake because the didn t need more employee and he said me that also for saturday they didn t more worker for this reason i didn t work for this employer and also for this reason the rating is so low because the employer was very not professional;en
70175812139;positive;perfect organisation colleagues;en
70172221046;positive;perfect organization it was pleasure to be part of this team perfekte organisation;en
70172987852;positive;professional working and good people;en
70157370275;positive;really enjoyed the mix of cultures and great atmossphere and solidarity that exists at lsg nice day;en
70155417618;positive;relaxed and easy going employer thanks alen;en
70159573909;negative;saturday was not good the supervisor of my post was off that day and no one showed me anything i struggled through the day sunday he was working and it was good;en
70163654878;negative;since it was the first time i had to manage and work on a sampling session in a train station it was a little bit confusing but in the end it went well also due to rush no break could be taken;en
70156717883;neutral;some breaks more perhaps;en
70164012775;positive;some of them are very interested in helping good job for students;en
70169495920;positive;super event;en
70167215130;positive;super fun job great team work;en
70168406215;positive;super mission employeur excellent gérant tip top;fr
70120240005;positive;super staff finder team;en
70173400125;positive;thanks;en
70142291398;negative;the description of the job was completely wrong asked was a servant but we were more working with heavy stuff then i had contact with client we had to work in our fine clothes and had to move dirty in the full sun the boss and the fixed stuff were completely unorganized and in high stress phases they were letting there disorganization negative energy out against the extra staff only after 7 hours from 8 h working time they give us a break of 15 min and even in this 15 minutes they were critizing me that i went to lake instead of sitting in the kitchen but i asked my supervisor explicit;en
70163421098;positive;the other girl was very nice and we had an outgoing team leader i enjoyed walking in lausanne;en
70164817661;positive;the work was well guided and manageable and daniel was a friendly boss;en
70167233689;positive;they are all professional;en
70143473860;negative;they just sent a general email with the information and objectives no personal emails or calls when i arrived to manor nobody from smartbox was there just very nice stuff from manor indicating the stand location it s the first time that it happens to me in a promotion on that stand there were just smartboxes of one category wellness and 3 flyers for two days one objective was give flyers and people ask very often to keep them after many hours i had to ask for permission and change the whole stand in order to have more product diversity the rest most part of smartbox s pro;en
70155243446;positive;thumbs up;en
70171691131;positive;tibits basel has very good team worker;en
70130440218;positive;tip top;en
70172638317;positive;tip top;en
70168060134;positive;tip top;en
70172632578;positive;tip top;en
70141888314;positive;tip top;en
70172796830;positive;toller event cooles team;de
70172595010;positive;tolles arbeitsklima super spirit;de
70172965459;positive;top event super organisiert;de
70173601779;positive;top very well organized mission and event sympa respectful fun;en
70131266346;positive;very easy job;en
70172909177;positive;very friendly and enjoyable;en
70168466448;positive;very friendly;en
70155385380;positive;very good organisation and nice staff;en
70158779179;positive;very helpful even with my lack of german skills;en
70161884156;positive;very nice people clear instructions and the job was interesting and fun;en
70173857617;positive;very nice team and great atmosphere;en
70159848676;positive;very stimulating promotion;en
70166494173;positive;very unfriendly and unorganized;en
70158365764;positive;we had a lot fun d;en
70169671635;positive;well organised great team;en
70171710157;positive;well organized and enough people hired for the job made it a good experience;en
70167322733;positive;work greatly concluded;en
70174123117;positive;you are right apologies i forgot on that;en
70155712738;positive;2 semaines super;fr
70159635194;negative;accueil et formation parfaits mais il n avaient pas besoin d une personne jusqu à 15h finalement et je regrette de ne pas avoir pu faire toutes les heures annoncées;fr
70162027442;positive;accueil très sympathique je regrette d avoir dû partir pour des raisons de rendez vous médical sans avoir pu terminer tout mon travail alors que j ai travaillé plus longtemps que prévu et sans lenteur j y retourne volontiers au besoin merci de m avoir confié cette première mission que j espère avoir accompli à la satisfaction du chef;fr
70160044249;positive;agréable climat de travail avec une chouette équipe en cuisime;fr
70170297887;neutral;avec l heure pas payée de la semaine dernière;fr
70162381595;positive;belle expérience;fr
70142651429;positive;bien accueilli par l équipe très agréable de travail au sein de cette entreprise avec une équipe et un responsable professionelle et sympathique;fr
70173601629;positive;bien organisé sympathiques;fr
70173593381;positive;bon accueil de bonnes informations transmises;fr
70170769062;positive;bonne entreprise;fr
70174404791;positive;bonne expérience avec le monde de la sécurité;fr
70144600051;positive;bonne organisation tres agréables;fr
70175877355;positive;bonsoir j adore merci beaucoup coople j ai fini 18h45;fr
70157352495;positive;c était super;en
70155004012;positive;cadre et accueil très chaleureux très humain j y reviens travailler avec plaisir;fr
70143448490;positive;ce vendredi 17 au matin j ai eu très peu de monde travailler avec l ancienne collection pu vendre 3 smartbox j ai beaucoup apprécier la clientèle et le personnelle de manor j ai passé une semaine à manor vevey toujours tres agréable pour moi je dirais simplement que c est juste dommage que le stand aie été placé devant l escalator la clientèle au premier étage était plus facile a aborder mais durant cette semaine j ai pu transmettre beaucoup d information le lundi 20 j ai vendu 4 smartbox le mardi 1 smarbox le mercredi 1 smarbox le jeudi 3 smartbox et ce vendredi matin 3 smartb;fr
70143267045;positive;cette mission s est très bien passée et fut couronnée de succès un grand plaisir à travailler comme barman dans ce genre de cadre;fr
70165758209;positive;chouette équipe bonne organisation;fr
70155224926;neutral;convoyage retour avec voiture du garage également;fr
70150999312;positive;employeur agréable et sympathique ainsi que l ambiance au sein de l équipe;fr
70142454035;positive;équipe formidable merci pour tout;fr
70144562073;positive;equipe très accueillante et professionelle;fr
70141588513;positive;equipe très gentille;fr
70164214208;positive;equipe très sympa bonne ambiance travail efficace;fr
70141711348;positive;equipe très sympa;fr
70155694901;positive;equipe très sympathique;fr
70156533427;positive;excellent accueil employeur diligent et attentionné;fr
70165512353;positive;excellent;en
70169110688;positive;excellente mission très bon déroulement rien à rajouter;fr
70173385575;positive;expérience très inintéressante;fr
70170549830;positive;extra;en
70157941505;negative;il y a une unique pause de 30 minutes à 12 30 h pour manger aucune pause mehr durant les 8 9 heures de travail;fr
70142940527;negative;indications floues pour l organisation;fr
70159430721;positive;j adore;fr
70165884316;positive;j ai apprécié la possibilité de faire partie de l équipe sélectionnée pour travailler sur une telle société prestigieuse sur le marché qui offre une excellente structure pour vos clients et les employés je serais honoré de faire partie de la main d œuvre globus fixe je vous remercie de l occasion;fr
70174935076;positive;j ai apprécié le style de management de david ainsi que les collègues;fr
70155078159;negative;j ai dois retourner un carton avec le matériel car la responsable de promotion n est pas venue au magasin finalement je vais lui envoyer une copie des frais de livraison par email j espère que c est tout bon;fr
70162320567;positive;j aimais bien travailler chez eurest nespresso;fr
70175939662;positive;j étais si contente une très belle expérience avec succès et sans stress sens de l organisation et esprit d équipe avec un chef de cuisine très agréable a travailler;fr
70131364820;negative;je devais faire 45 et travailler 5 jours on voit bien que ça n est pas le cas;fr
70155294871;neutral;je suis tombée malade vendredi soir je n ai pas pu revenir le lendemain mais je vais refaire la dégustation samedi 04 avril de 09 à 18h;fr
70141606848;positive;journée très chouette merci à toute l équipe pour leur gentillesse;fr
70130852297;positive;la collaboration s est très bien passée;fr
70142714736;negative;la marchandise n a pas été reçue à la coop pronto;fr
70150874608;positive;la mission a été facile et je l espère que le app fonctionné;fr
70162915334;negative;la promotion s est déroulée dans tout le magasin les clients venaient approchés et le coffret était présenté avec ses points forts procedure de reservation et d échange certification etant la clientèle pour la plus part des touristes de 55 ans c était difficile d éveiller l intérêt l affluence était moyenne il y avait des périodes 15 30min où en tournant je ne rencontrais pas des nouveaux clients;fr
70173024177;neutral;le conseil avec les clients et les maquillage bourgeois et les cadeaux pour la promotion;fr
70142790186;negative;le travail était sympa c est juste dommage de négliger la ponctualité l employeur doit montrer l exemple et j espère que je serais payer à partir de 14h30 et pas au moment ou le chef de team est arrivé;fr
70171183676;negative;les directives n étaient pas clairs et c était un peu donné à la légère on nous a dit de rester à l entrée pour donner les colliers et dire qu il y avait une soirée spéciale corona et rien faire d autres jusqu à 01h30 et ensuite quelqu un allait venir nous chercher etc en cours de soirée vers 23 30 le patron est arrivé et il n a pas compris pourquoi on était pas sur les tables en train de danser animer la salle etc nous lui avons expliqué que les directives qu on nous a données étaient de rester à l entrée jusqu à 01h30 etc il n a non plus pas compris pourquoi on nous avait dema;fr
70165428668;positive;les efforts de management tools research ag dans le domaine de service sont très importants pour les entreprise qui veulent se perfectionner;fr
70162415731;positive;magnifique mission pleine de partages et de joie idemmm;fr
70164890226;positive;manager très chouette et attentif au bon déroulement et aux bonnes conditions de travail des employés;fr
70120299150;negative;manque un bonjour d accueil;fr
70169859563;positive;merci pour ce job ambiance très collégiale c était un plaisir à une prochaine j espère;fr
70162293711;positive;merci pour tout;fr
70156931338;positive;merci;fr
70131493117;positive;mission éfféctuer dans le stress et sous la pluie mais malgres tout simpa;fr
70167165903;positive;mission i spent a wonderful day full of emotions and good customers i gave everything of myself and think that managers manor perfumery was also very pleased with the cipher of sales my employer coty schweiz are very correct and offer excellent conditions for work and i ll be glad to work in the future for them thanks mission j ai passé une merveilleuse journée pleine d émotions et de bons clients j ai tout donné de moi même et je pense que les responsables de manor parfumerie a également été très heureux avec le chiffre des ventes mon employeur coty schweiz sont très correcte;en
70143763645;positive;parfaite bonne explication bonne coordination et organisation impeccable;fr
70164278364;negative;pas de vehicule de retour obligé de prendre les transports pour récupérer ma voiture donc plus d une heure pour revenir a nyon en plus a perte je ne souhaite plus réitérer cette expérience merci;fr
70143541645;negative;pas le bon endroit pour faire la vente trop pres de la porte de entree les clients ne s arretaient pas trop;fr
70165024435;neutral;période très calme dans le magasin 10h30 sur ses pieds sans beaucoup de clients passe très très lentement;fr
70151296844;positive;personnel très agréable j ai eu du plaisir à travailler avec tout le personnel de l hôtel;fr
70157679406;positive;personnel très sympathique équipe de travail très sympathique;fr
70159731919;neutral;ps je rajoute 0 5 heures comme convenue pour la mission annulé de la semaine dernière pour le transfert d une audi s6 à bellevue merci cordialement madjid djafari;fr
70142562800;negative;responsable brunet en vacances nouvel adjoint albrecht pas à la hauteur;fr
70163392466;negative;responsable de l équipe perdu ne se pas présenté pas de souri et nos à pas boeaucoup aider bâche publicitaire mise en place a 14 heures par moi j ai du prendre initiative plusieurs fois a ça place pas ce que on avait 10 palettes de canettes de lipton ice tea a déballée j espere que les autres aussi ecrire quelques chose comme on avait dit je ne veux pas que cette remarque me pénalise dans les mission future avec mes salutations;fr
70155316549;neutral;si possible précisez si le véhicule va chez le client ou garage tout simplement pour une question d organisation du retour;fr
70155154732;negative;skoda et pas sm travel;fr
70142623320;negative;smartbox pas évidente a vendre hors periode de fête qui plus est en periode de rentrée scolaire ou les clients sont stressés par l achat des fournitures;fr
70172976412;positive;staff très accueillant;fr
70168385831;positive;staff très sympa;fr
70156455851;negative;surcharge de travail planning mal geré ne me compte jamais les bonnes heures travaillées;fr
70166312776;positive;sympathique bonne expérience;fr
70174661231;positive;thiery et toute l équipe somt très sympathiques et accueillant;fr
70168103641;positive;toujours très bien;fr
70173269019;positive;toujours un plaisir de travailler pour patchwork promotion;fr
70168555254;positive;tout s est très bien passé malgré la barrière de la langue fr vs all;fr
70143575338;positive;tranche horaire limite pour travail à faire mais dans l ensemble ils sont corrects et sympathiques;fr
70151455515;positive;très agréable ambiance de travail collègues sympas;fr
70171899413;positive;très agréable comme responsables d équipe;fr
70175107671;positive;très bien passé;fr
70162233912;positive;très bien passé;fr
70165509042;positive;très bien;fr
70161747788;positive;très bon accueil du personnel concerné bonne expérience super encore mieux que la semaine dernière car plus de public vivement samedi prochain super assistante avec estelle nous formons un duo de choc vivement samedi prochain car très bon contact avec les participants très bonne journée très bonne note à mon assistante estelle en espérant renouveler l expérience une autre fois avec cette demoiselle vivement samedi prochain mission terminée j espère avoir donné toutes satisfactions à toutes les parties concernées un grand merci à myriam florence et toutes les personnes;fr
70172156884;positive;très bon employeur;fr
70173529011;positive;très bon management et excellente ambiance;fr
70175020092;positive;très bon travail d équipe n hésiterai pas à retravailler avec daktiv;fr
70157401811;positive;très bonne ambiance durant la mission avec toute l équipe et notre chef steven;fr
70130474929;positive;très bonne entente avec mes collègues bonne pédagogie je ne suis pas très contente du salaire;fr
70172869842;positive;très bonne expérience je serai ravie d y retourner;fr
70130765054;positive;très bonne mission;fr
70164214024;positive;très bonne organisation et prise en charge;fr
70171162151;positive;très content en espérant collaborer à nouveau;fr
70164890156;positive;très gentil superviseur;fr
70141603753;positive;tres organizer;en
70143023851;positive;trop court mais bien pour un début;fr
70173230824;neutral;un peu de stress pour la première fois seul un cas compliqué pour mes connaissances mais sinon excellente expérience;fr
70173648835;negative;un stand aurait judicieux car nous étions assez cachés;fr
70166909975;negative;vu qu on devait passer toute la journée au comptoir suisse il aurait été convenable de nous offrir ou défrayer le repas de midi moi même ayant peu de moyens financiers;fr
70171260711;positive;abwechslungsreiche einsätze spontane entscheidungen;de
70159086010;positive;alles bestens hat spass gemacht;de
70172709072;negative;arbeitseinteilung nicht gemäss arbeitsbeschrieb hohe erwartung an flexibilität kurzfristige grundlose absage der weiteren termine ohne vorankündigung;de
70120106246;positive;aufgestellte nette und hilfsbereite leute hat mir super gefallen;de
70155140564;positive;ausgezeichnete einführung und unterstützung sowie effiziente abwicklung;de
70141588641;negative;besseres briefing wäre gut gewesen hätte missverständnisse vorgebeugt und ablauf d essen wäre gut gewesen im voraus zu wissen da gäste mehrfach nachgefragt haben;de
70143049837;positive;bis auf einige organisationsschwierigkeiten kann ich an diesem einsatz nichts bemängeln;de
70142276035;negative;bitte nächstes mal schreiben dass man das gebäude wechseln muss;de
70141921405;positive;bonne organisation;fr
70150523980;negative;chocig;de
70162537072;negative;da er heute vater geworden ist kann er morgen nicht zum einsatz erscheinen arbeitgeber wird er informieren;de
70158421014;negative;da werden menschen versklavt und wen man sich nicht versklaven lassen möchte wird man nach hause geschickt man wird behandelt als wäre man abschaum und man hat keine chance sich zu wehren ich habs gemacht und wurde nach hause geschickt ich rate jedem von dieser firma ab;de
70154874835;positive;danke immer wieder;de
70155439523;positive;danke immer wieder;de
70141622744;positive;danke immer wieder;de
70144487871;positive;das lokal hat mir sehr gefallen wirklich ein schönes ambiente mit sehr freundlichen immer hilfsbereiten mitarbeiter die sich für einem zeit nehmen konnten;de
70166716993;positive;der letzte einsatz war besser organisiert aber war gut;de
70162685860;negative;die organisation dieses einsatzes war einfach nur eine zumutung wir erhielten eine mail in der wir unsere masse angeben musste weil wir eine uniform vorort erhalten würde diese uniform passte niemandem sie war allen zu gross und wir sahen einfach nur lächerlich aus und das an einem event bei dem viel wert auf äusserliches und korrektheit gelegt wurde wir erhielten ein briefing per mail in dem lediglich einige informationen standen die uns dann innerhalb von nicht mal 5min vorort stichwortartig vorgelesen wurde wir mussten uns alle informationen bezüglich räumlichkeiten tätitgkei;de
70142287987;negative;die vermittelte kontaktadresse war a nicht fähig mit mir in deutsch zu kommunizieren dann b wusste diese handynummer nach sms nicht worum es geht und ich habe bis 19 30 keine infos erhalten die ich bis 18 uhr erwartet hatte deshalb bin ich nicht nach landquart gefahren das ganze war eher eine suspekte geschichte in meinem empfinden und ich wünsche dass alle meine daten von der plattform staff finder gelöscht werden grüsse peter stephani;de
70151031854;positive;dieser einsatz hat mir sehr spass gemacht das ganze team war toll und ich denke ich spreche im namen von allen anderen arbeitnehmer die diese tolle möglichkeit erhalten haben wenn ich sage dass es eine sehr interessante und spannende erfahrung war ich möchte mich nochmal bei allen mitarbeitern von navyboots bedanken welche uns einen einblick in diesen etwas andern beruf gewährt haben mit freundlichen grüssen rino wyss;de
70143205759;positive;ein bisschen hecktisch aber sonst super team freundlich und offen;de
70142242559;positive;eine wahre freude an so einem anlass arbeiten zu dürfen jederzeit gerne wieder;de
70157864913;negative;einführenden mitarbeiter hatten ziemlich schlechte deutschkenntnisse was die arbeit sehr erschwert hat;de
70130406413;negative;einsatz war ursprünglich nur für 4 stunden vorgesehen ich musste jedoch noch vor der abfahrt beim einladen helfen weshalb ich diese zeit auch noch gerne erstattet habe dann wurden aus organisatorischen gründen meine schicht auf die nächste verlängert und so kamen wir schlussendlich erst um 7 30 uhr am nächsten tag zurück nach muttenz somit war ich fast 23 stunden für diesen job am stück ausser haus wie sieht es eigentlich in einem solchen falle mit nachtzuschlag aus die einsatzorganisation war wegen den wef restriktionen chaotisch niemand wusste so recht was man machen sollte sch;de
70166699030;negative;einsätze abgesagt;de
70162063526;negative;es war niemand vor ort der event war garnicht an diesem tag nur wurde uns dies leider nicht mitgeteilt und telefonisch war niemand erreichbar;de
70168699162;positive;es war super mit euch zu arbeiten ihr dürft mich gerne kontaktieren für weitere anfragen;de
70158590607;positive;es waren tolle drei tage super organisiert und sehr gute zusammenarbeit;de
70166581378;positive;freundliche vorgesetzte;de
70142255137;positive;gerne wieder;de
70160169551;positive;globi war sehr erfreut mit solch einer tollen globine und team die kinder unterhalten zu dürfen;de
70143629058;positive;gut das ich mein wissen anwenden konnte und es viele geschenkboxen gab;de
70157877911;positive;gut wie immer;de
70172782125;positive;gute einführung in die arbeit klar anweisungen und angenehmes team;de
70173478687;positive;gute küche und familiäre ambiente;de
70175825686;positive;gute umgebung atmosphäre helles restaurant mit freundlichem team mir gefällt es;de
70166848793;positive;gute und klare anweisungen vor ort pausen wurden jedoch keine gemacht;de
70172187336;positive;guter arbeitsverhältnis tolles team und macht spaß den kunden zu beraten;de
70162357969;positive;guter spannender arbeitsort dies mal lies das klima und die freundlichkeit des chefes etwas zu wünschen übrig sonst hat es spass gemacht gerne wieder;de
70142592082;positive;hab s genossen bei euch zu arbeiten herzlichst laura;de
70131115036;neutral;hammer;en
70144002505;positive;hat mir spass gemacht gute leute gute stimmung sehr gut;de
70120345098;positive;hat sehr spass gemacht;de
70163177243;positive;hervorragend;de
70175501413;neutral;ich habe um 14 30 angefangen zu arbeiten;de
70162613791;positive;ich war insgesamt sehr zufrieden und würde jederzeit wieder kommen;de
70120105813;positive;ich wurde mich freuen auf weitere einsätze;de
70171245052;positive;ich wurde super im team aufgenommen und konnte sofort mitarbeiten es war toll mit euch zu arbeiten und euer essen schmeckte super;de
70157687626;positive;immer wieder gern;de
70142557619;positive;jederzeit gerne wieder;de
70155633097;positive;kollegiale atmosphäre mit relaxtem personal und einem super arbeitsumfeld im zoo;de
70172389160;positive;leider habe ich erst 1 h und 30 min vor dem einsatz erfahren dass ich angenommen wurde und konnte somit nicht mehr rechtzeitig ein auto organisieren um zu tanken jedoch halt alles andere super funktioniert;de
70167646582;positive;mega cooler job nettes team hat richtig freude gemacht;de
70165890212;negative;musste viel warten;de
70170702112;negative;mussten draussen in der kälte ohne jacke arbeiten;de
70163004604;positive;nächstes jahr gerne wieder;de
70143646010;positive;nette arbeitgeber entspanntes ambiente und sehr gute verpflegung im hotel;de
70166854410;positive;nettes personal gerne wieder;de
70161676317;negative;pausenzeit war innerhalb der ersten stunde vom arbeitsbeginn anstatt etwa in der hälfte vom arbeitszeit das fand ich nicht so gut;de
70130829804;negative;schade konnte ich nicht bis 17 uhr arbeiten wie vorgeplant waren auch zu viele köche anwesend gerne wieder mal;de
70162654608;negative;schlecht organisiert;de
70130475828;positive;sehr angenehme arbeit in einer sehr angenehmen atmosphäre;de
70173929690;positive;sehr angenehme zusammenarbeit;de
70163432846;positive;sehr angenehmes arbeitsklima ich habe gerne dort gearbeitet;de
70159931056;positive;sehr angenehmes arbeitsklima;de
70130858007;positive;sehr aufgestellter und hilfsbereiter arbeiter der jmt lief alles wunderbar;de
70156863944;positive;sehr gut organization und aufteilung des ganzen personal betreuen von der ansprechperson war gut interesant und lustig war einer erfahrene einsatz;de
70170424755;positive;sehr guter arbeitgeber;de
70156019616;positive;sehr gutes callcenter mit super arbeitsbedingungen;de
70164561275;positive;sehr interessanter einsatz dazu noch spass gehabt und sogar etwas gelernt;de
70169085932;negative;sehr kalt;de
70165115918;positive;sehr nette mitarbeiter;de
70156664914;positive;sehr nettes und cooles team man hat immer etwas zu tun sehr angenehm zum arbeiten und man bekommt sogar ein parkplatz gerne wieder;de
70163927309;positive;sehr schöne zusammenarbeit danke hendrik;de
70110006017;positive;sehr unkompliziert hat viel spaß gemacht und ich wurde sehr gut unterstützt;de
70141674653;positive;spesen wären halt schon gut od wenigstens mittagessen sven macht das super mit den aushilfen die hunziker ag selber engagieren haben sie wohl etwas pech die stimmung untereinander und der umgang ist aber mehrheitlich gut ich arbeite gerne für hunziker ag;de
70130916339;positive;super anlass danke franco immer gerne wieder;de
70120287790;positive;super anlass super team gute manager sehr gut organisiert einfach klasse sehr gute verbindung zum hauptbahnhof 2 minuten mit den tram was auch gut ist man kann dort auch english sprechen denn einige mitarbeiter nur english sprechen ich möchte gern wieder dort arbeiten;de
70155681856;positive;super einsatz und super organisiert wunderschöne location sympathische mitarbeiter gerne wieder;de
70162887369;positive;super einsatz;de
70163900629;positive;super location tolles team herzlichen dank;de
70155711979;positive;super stimung mega team immer wieder;de
70155231909;positive;super team super arbeit;de
70168562942;positive;super team super leute hat mir sehr gut gefallen;de
70130867014;positive;super tolles team nochmals danke;de
70172817584;positive;super tolles team;de
70175812309;positive;teamwork war gut organisiert und alle freundlich unter einander gerne wieder;de
70173496317;positive;tolles team spannende arbeitsatmosphäre;de
70160079078;positive;tolles team super laden gute stimmung angenehme kundschaft;de
70156225566;positive;top einsatz top leute;de
70161700950;positive;war ein guter einsatz;de
70155172740;positive;war ein super einsatz leider nur zufriedenstellend weil die geplante einsatzdauer massiv kürzer war;de
70130444187;positive;weiss nicht wer der einsatzleiter ist verstehe nicht wen ich bewerten muss infrastruktur hatte ich dieses mal nicht mehr den besten platz gleich wenn man von der rolltreppe runter kommt sondern weiter hinten einen kleinen stand die zusammenarbeit und die hilfsbereitschaft von daniela tanja adrian sind eine wohltat ich liebe es da zu arbeiten sorry die verspätung hatte passwort vergessen;de
70144408451;positive;wieder einmal super team und super organisation top;de
70131099824;negative;ziemliches chaos kein hallenplan teilweise falsche oder unvollständige lieferug aber kompete nte leitung und problemlösung vor ort;de
70130464152;negative;zuwenig spesen reisekosten;de
70130926543;neutral;https www staff finder jobs images statistic star full png;en
70141632334;positive;the employee was great came on time did the job in the right way;en
70142444018;positive;very professional;en
70142497025;positive;tip top;en
70142496291;positive;tip top;en
70142833186;positive;excellent first impression friendly and open minded;en
70155286907;negative;she was late and she take the job to easy;en
70155407930;neutral;all ready discuted in the phone all ready discuted in the phone all ready discuted in the phone;en
70155479100;negative;red hair blue nail polish for vip event no go;en
70155665407;positive;very kind person very helpful was a pleasure working with mr dewidar thank you;en
70155665488;positive;it was a pleasure working with mrs harlander she is a professional and a very pleasant and positive person and would love to work with her again thank you;en
70156341293;negative;ok for cafeteria no for vip event;en
70156681295;positive;very friendly and comunicative;en
70156691636;positive;extremely friendly face and hilfsbereit in service exactly what i needed;en
70156691525;positive;full of energy very friendly and efficient;en
70162134552;positive;tip top tip top;en
70162985242;negative;chef very good for cafeteria not for a vip event;en
70163282982;positive;professional well prepared;en
70163879540;positive;very satisfied with her commitment although it wasn t her task she did some extra work;en
70163869443;positive;very satisfied with his commitment although it wasn t his task she did some extra work;en
70164935287;positive;very professional service extremely satisfied;en
70166925720;neutral;no work on that dates holidays no possible evaluation;en
70168226253;negative;dresscode was not ok we was very clear in the request but he come with a white shirte and snickers he was just helping us for loading the truck 1 5 hours and we call adecco to provide us with a emergency staff;en
70169620522;positive;very professional;en
70160010598;negative;very good personality however not used to fast paced environment;en
70172258074;positive;great service;en
70172204530;positive;naudia has been very good and successful in promoting our products and she was always on time and professional with all customers and very well appreciated also by the rest of the shop personnel we would certainly reconsider her for our next sales promotional activities and we strongly recommend her to anyone;en
70172840359;positive;very professional staff airport skilled friendly reliable careful proactive;en
70172680250;positive;sehr angenehmer mitarbeiter freundlich quick lerner customer friendly very welcome for next need;de
70173364189;positive;great organizational talent jeanne was always on top of things and did an awesome job;en
70173621137;positive;perfect;en
70173598948;positive;perfect;en
70173799659;positive;perfect;en
70173507769;positive;amazing friendly and very hardworker 5 stars;en
70173493299;positive;friendly very active and hardworker 5 stars amazing;en
70174046760;positive;very kind person;en
70173844645;positive;always with a great smile;en
70173852919;positive;very professional;en
70173844021;positive;very professional;en
70173844119;positive;very friendly;en
70172721193;positive;very kind and reliable;en
70172722449;negative;lack of attention and can become too familiar;en
70173984299;positive;very professional;en
70174954921;positive;perfect;en
70172027152;negative;14 15 june stephan was ill;en
70175939363;positive;good man;en
70141920646;negative;n as pas assurer sa mission;fr
70172500222;positive;sérieux;fr
70173850393;positive;nous avons été très contente avec elle elle était rapide soignée et polie et elle a compris vite les tâches demandées;fr
70143473634;negative;respecte pas les horaires va lire des livres durant la période de travaille;fr
70141645250;negative;camila doit plus écouter et s adapter aux personnels qu elle rencontrera lors de ces missions camila prend trop vite ses aises;fr
70173926975;positive;très sympathique ponctuel et désireux de travailler;fr
70156547074;positive;excellent engagement personnel et prend de bonnes initiatives;fr
70130482645;negative;meme si le travai et la mission etait difficile il est inacceptable visi à vis de nous et surtout de ses collègues de renoncer à une mission sans prevenir meme si le travai et la mission etaient difficiles il est inacceptable vis à vis de nous et surtout de ses collègues de renoncer à une mission sans prevenir;fr
70172156884;positive;employée sérieuse et efficace mission accomplie rapidement;fr
70155149025;negative;elle aurai du venir le lendemain mais elle n est pas venu pas de telephone pas de nouvelle pas serieuse;fr
70172213619;positive;personne agréable;fr
70169552304;negative;car elle a été absente 2 jours dans la semaine et nous a toujours appelé après son horaire d arrivée prévue;fr
70173592199;positive;elle a très bien fait les tâches qui étaient données en plus nous avons trouvé madame martin dynamique agréable et elle a bien conseillé les clients;fr
70172782814;negative;travail incomplet;fr
70163808127;negative;mauvais feedback pour la journée du vendredi 27 05 la personne n a pu aller à la mission samedi mauvaise compréhension entre elle est plentycards plentycards pas au courant du désistement mauvais retour de la part du client horaire de travail entré comme si la personne avait travaillé les 2 jours ce qui n était pas le cas;fr
70174063661;positive;très professionnel engagé sérieux ponctuel et précis;fr
70144376515;negative;trop réfléchit pour le poste qui impose un certain rythme de travail qu alban n a pas su atteindre;fr
70169826071;negative;langsamer service;de
70172512461;positive;mission réalisée avec sérieux;fr
70141597379;neutral;toujours identique sur la durée;fr
70130507909;negative;tenue pas correcte présentation pas à la hauteur du client chaussures bleues;fr
70174195316;neutral;merci de nous spécifier pourquoi vous avez effectué une heure supplémentaire afin que nous puissions confirmer les heures;fr
70141723001;negative;trop grand pour lui;fr
70174654751;neutral;merci de modifier c est 42h pas 42h30 merci;fr
70173349045;positive;comme toujours karim est un collaborateur au top cédric;fr
70175435614;positive;excellent;en
70141587066;negative;hygiène personnelle ne corespondant pas aux critères compass;fr
70172504727;negative;le travail n est pas satisfaisant manque de sérieux commentaire sans pertinence voire arrogant;fr
70155604735;negative;pas assez rapide et particulièrement stressé devant son propre constat de ne pas être à niveau a l heure actuelle sa progression n est pas à la hauteur de nos espérances nous en avons discuté et il faut vraiment qu il améliore ses prestations et sa collaboration avec ses collègues la marge de progression escomptée n est pas été concluante l employé est trop lent et ne parvient pas à gérer son stress engendré par son constat de ne pas être au niveau des deux autres nous lui donnons une dernière chance sans quoi nous ne pourrons pas envisager de poursuivre la collaboration;fr
70141586624;positive;serviable souriante ponctuel;fr
70172167143;positive;sérieux;fr
70165876112;negative;on a eu l impression quelle ne savait pas ce quelle fessait chez nous pas à ça place;fr
70162248906;negative;n a pas effectué la mission;fr
70155134604;negative;plus de mission oms dès le 06 03 2015 car problème clientéle deja expliqué ccc;fr
70163481567;negative;très lente téléphone durant ses heures de travail très lente;fr
70169518377;negative;pas assez proactive ni orientée clientèle;fr
70131453091;neutral;evaluation difficile sur une soirée;fr
70172593247;positive;efficace;fr
70169751481;negative;m moreno ne s est pas présenté pour sa mission;fr
70172672964;positive;bonne prestation;fr
70175939987;positive;ca c est bien passé bon contacte;fr
70165508064;positive;très smart dynamique précis volentereux;fr
70143347876;negative;n a jamais porté des assiettes 0 expérience en service;fr
70130798987;positive;très bon employé é conseillé;fr
70142123296;neutral;peut pas évaluer je n étais pas la;fr
70120274364;positive;personne très souriante pleine d entrain dynamique mais pas vraiment à sa place dans un restaurant comme le nôtre a recommander plutôt pour les foires bar ou la grosse restauration;fr
70172588896;negative;la mission n a pas été effectuée dans son entier;fr
70141566438;positive;bon travail en avance sur les horaires de travail le sourrire en plus aurait mérité la 4ieme étoile;fr
70142169436;neutral;voir plus bas voir expliquations sur l autre mission;fr
70142020282;positive;sérieux bien équipé pour le travail et efficace;fr
70170698882;positive;excellent;en
70172192804;positive;mission réalisée avec sérieux et compétence;fr
70173541557;positive;sérieuse et efficace;fr
70162698198;positive;une première expérience avec staff finder réussie pour alicia les organisateurs d astra zeneca elcc 2016 ont été satisfait de ses services au welcome desk nous recommandons alicia pour de prochains services d assistance;fr
70173848445;positive;bon soutien;fr
70156148336;negative;il était perdu;fr
70141946591;positive;jonas s est facilement adapté à la situation et a fait preuve d enthousiasme et de bonne volonté avenant et professionnel il a totalement répondu aux attentes;fr
70141893585;positive;très impliqué a tout fait pour venir alors que la mission a été décalée à la dernière minute a écrit un mail de retour je ne peux que le recommander;fr
70141820798;negative;aucune étoile m fauvel doit faire attention aux missions et aux descriptifs pour ne pas être dépassé ceal sera bénéfique pour lui l entreprise et staff finder;fr
70141861110;positive;excellente pro et très souriante un réel plaisir;fr
70159676394;positive;4 étoiles sans hésitation excelentes prestations bravo le staff cantinetta;fr
70175941322;positive;s est adapté très facilement;fr
70155284392;negative;le candidat est venu sans vêtement appropriés après discussion il a décidé d aller voir son frère pour chercher pantalon chemise et chaussure rendement de travail insuffisant car aucun idée de service à la clientèle;fr
70154952309;positive;ponctuel et au en phase à la mission confiée;fr
70141569502;negative;couleur de cheveux;fr
70173534412;positive;sérieuse et efficace;fr
70160172981;negative;souriante mais pas de formation caisse;fr
70172398469;positive;mission réalisée avec sérieux et efficacité;fr
70160020830;negative;ne s est jamais présentée;fr
70174670256;positive;bon soutien;fr
70172434697;positive;sérieux;fr
70142790193;negative;pas venu;fr
70155474610;negative;incompatible avec la peinibilité du poste novice dans ce métier qui nécessite un minimum d expérience;fr
70172298289;positive;mission réalisée avec sérieux et application;fr
70174661231;positive;très professionnelle organisée très bonnes connaissances de son métier souriante et à l aise avec la clientèle;fr
70142208385;negative;contestataire mauvaise mentalité;fr
70172152915;positive;sérieux;fr
70151019207;negative;heleine de hyene crevé attention au slip propre;fr
70174866578;positive;top merci d avoir ramené les plaques;fr
70142346981;positive;bon engagement motivé;fr
70130504677;positive;dans l ensemble pas de soucis merci;fr
70172140110;positive;merci a ali pour son travaille;fr
70156704187;negative;30 minutes de retard;fr
70150966475;negative;manque d engagement;fr
70172582066;positive;sérieux et réactivité;fr
70162732354;negative;on à refusé ses prestations il n était pas à l heure une heure de retard;fr
70175783550;positive;top 2 heures car erreur d endroit;fr
70168957711;negative;manque d expertise;fr
70172615100;positive;bonne prestation;fr
70141921639;positive;ponctuelle et professionnelle;fr
70172663524;positive;le grand top;fr
70172071503;negative;insatisfaisant;fr
70167390720;negative;2x en retard;fr
70155587408;positive;excellent;en
70163344940;negative;la personne à quitté la mission avant la fin pas de possibilité de juger l engagement de la personne;fr
70172465722;positive;sérieux et fiable;fr
70130836983;negative;retard recurant;fr
70172727211;positive;efficace;fr
70173030293;positive;sérieux;fr
70161927881;negative;selon notre discussion avec mme bensenane nous déduisons 1h sur le salaire de mlle woldehaymanot pour le nettoyage qui n a pas été effectué comme convenu en effet la personne occupant ce même poste le lendemain a passé 1h à finir ce nettoyage 1h que nous devons naturellement lui payer;fr
70110000109;negative;hat ihren kollegen nicht mitgeholfen und nur rumgestanden ist ohne verabschiedung nach 30 minuten gegangen hatte auf handy anruf nicht reagiert;de
70110000190;positive;herr lee war sehr freundlich und hat sich alle mühe gegeben hat aber noch nie im a la carte service gearbeitet;de
70110002837;negative;nicht am einsatz erschienen;de
70110002230;negative;eingeteilt bis 2 00 uhr wollte früher gehen um letzter zug zu erwischen war jedoch nicht bereit schicht zu wechseln die bereits um 24 00uhr geendet hätte;de
70110001041;positive;die fachkenntnisse können wir leider nicht beurteilen da wir nicht dabei sind sie haben bei einem catering im tram bei dem essen und getränke gewählt sind und freundlichkeit das wichtigste ist auch nicht so einen hohen stellenwert;de
70110002201;negative;nicht am einsatz erschienen;de
70110002203;negative;nicht am einsatz erschienen;de
70110002324;neutral;ist am 2 termin nicht erschienen hat beim ersten einsatz aber einen sehr guten eindruck hinterlassen;de
70110002019;negative;nicht am einsatz erschienen;de
70110001364;negative;ist bei 2 veranstaltungen ohne absage oder info aufgetaucht;de
70110000893;negative;nicht am einsatz erschienen;de
70110002225;negative;eingeteilt bis 2 00 uhr wollte früher gehen um letzter zug zu erwischen war jedoch nicht bereit schicht zu wechseln die bereits um 24 00uhr geendet hätte;de
70110002445;negative;nicht zum einsatz erschienen;de
70110001444;negative;nicht am einsatz erschienen;de
70110004791;negative;seht innovativ mit guten ideen;de
70110004089;negative;nicht am einsatz erschienen;de
70110005536;positive;alles gut bis auf auftreten wegen nichtaufräumens des arbeitsplatzes nur zufriedenstellend;de
70110004936;positive;sehr innovativ und mit guten ideen;de
70110004083;negative;nicht am einsatz erschienen;de
70110004088;negative;nicht am einsatz erschienen;de
70110004082;negative;nicht am einsatz erschienen;de
70110004492;neutral;bewertung erfolgt erst wenn arbeit fertig;de
70110004934;negative;die mitarbeiterin wäre gar nicht zum dienst erschienen wenn ich sie von zu hause nicht abgolt hätte selbst dort musste ich noch einige zeit warten das wir derart spät im tramdepot erschienen sind das wir kaum zeit zum vorbereiten hatten den kontakt zu den gästen kann ich leider nicht einschätzen da ich nicht mitgefahren bin habe aber die mitarbeiterin mit einem unguten gefühl den job machen lassen;de
70110003194;negative;nicht am einsatz erschienen;de
70110003909;negative;nicht am einsatz erschienen;de
70110003803;negative;nicht erschienen;de
70110003038;negative;nicht erschienen am einsatz;de
70110006169;positive;super job gemacht;de
70110006046;negative;dieser junge mann sollte zuerstmal mindestens einen servicekurs absolvieren einfach zu jung und absolut unerfahren kann kaum zwei teller richtig tragen er ist nicht mehr wert als 20 00 franken die stunden überhaupt kein fachwissen vorhanden solche mitarbeiter möchte ich niemehr von ihnen vermittelt bekommen;de
70110005868;positive;super job gemacht;de
70110007511;negative;durch die fehlenden fachkenntnisse ist frau knecht sehr unsicher deshalb allein im tarm bitte nicht mehr einsetzen;de
70110006110;positive;super job gemacht;de
70110007506;positive;halt deutsch im umgang aber im grossen und ganzen sehr gut;de
70110005917;negative;fehtl noch an schnelligkeit und fachwissen könnte auch öfters ein lächeln aufsetzen sollte nicht mehr als 25 00 franken sein;de
70110005784;positive;super job gemacht;de
70110006017;positive;super job gemacht;de
70110006140;positive;super job gemacht;de
70110006045;neutral;kathrin macht grundsätzlich keinen schlechten job aber auch nicht perfekt sie ist sehr vorlaut und pflegmatisch schade könnte auch ein bisschen besser geschminkt sein;de
70110005768;positive;freundliches auftreten fachlich kompetent charmant und flexibel;de
70110006256;positive;super job gemacht;de
70110008148;negative;outfit schwarze hosen gewünscht in jeans erschienen;de
70110008560;negative;unsicher;de
70110008588;negative;nicht erschienen;de
70110008562;negative;keine erfahrung im service trotz klaren anforderungen;de
70110009386;negative;kam 50 minuten zu spät zum dienst leider liess er sich zu leicht von seiner arbeit ablenken;de
70110008832;negative;unsicheres auftreten keine fachkenntnisse trotz klaren anforderungen;de
70110009682;negative;nicht genug service erfahrung für diese ansprüche;de
70110015043;positive;sehr engagiert und interessiert toller erster arbeitstag vielen dank;de
70110016106;negative;nicht genug service erfahrung für diese ansprüche;de
70110018309;positive;sehr guter einsatz;de
70110020095;positive;sehr guter einsatz;de
70110020085;positive;sehr guter einsatz sehr guter einsatz;de
70110021650;positive;sehr guter einsatz kam zu spät hat sich nur über einen anderen an abgemeldet und nicht beim einsatzleiter keine suva schuhe;de
70110021831;positive;sehr guter einsatz schuhe zukünftig nur mit suva schuhe;de
70110021316;negative;qualifikation entsprach nicht dem ausgeschriebenen profil;de
70110024249;negative;keinerlei servicekenntnisse keinerlei servicekenntnisse;de
70110024921;negative;keinerlei servicekenntnisse keinerlei servicekenntnisse;de
70110027161;negative;ist für unsere arbeit nicht geeignet;de
70110027149;negative;spricht leider zu wenig deutsch;de
70110029645;negative;spricht leider zu wenig deutsch;de
70110029367;negative;spricht leider zu wenig deutsch;de
70110029197;negative;keinerlei servicekenntnisse;de
70120034732;positive;sehr guter einsatz;de
70120034651;positive;sehr guter einsatz;de
70120037759;negative;pünkltlichkeit 0 5 std zu spät lag am zug;de
70120037745;negative;verspätung auf grund von öv;de
70120037740;negative;pünkltlichkeit 0 5 std zu spät lag am zug;de
70120037736;negative;kam leider schon beim 2x nicht mehr während dem briefing als einziger von ca 65 mitarbeitern am salat essen;de
70120037765;positive;sehr verständnisvolle und ruhige persönlichkeit;de
70120037716;negative;pünkltlichkeit 0 5 std zu spät lag am zug;de
70120037748;negative;öv hatte verspätung;de
70120037709;negative;öv hatte verspätung;de
70120036313;positive;ich habe frau von zur gathen in meine favoriten liste gesetzt bin sehr zufrieden;de
70120036736;positive;ein bisschen zurückhaltung speziell den kunden gegenüber wäre wünschenswert und würde das rating verbessern auch ist es nicht an dir die lieferanten zu allererst zu begrüssen und arbeitszuteilungen zu besprechen im konkreten fall beim erscheinen von lenzlinger ist mir das negativ aufgefallen sonst wie immer mit elan und fachkenntnis dabei lg stefan;de
70120037744;positive;sehr verständnisvolle und ruhige persönlichkeit;de
70120037053;negative;öv hatte verspätung;de
70120037717;negative;outfit schwarze hosen gewünscht in jeans erschienen;de
70120040473;positive;ich habe frau von zur gathen in meine favoriten liste gesetzt bin sehr zufrieden ich habe frau von zur gathen in meine favoriten liste gesetzt bin sehr zufrieden;de
70120042320;positive;alles super gelaufen vielen dank;de
70120042284;positive;sehr verständnisvolle und ruhige persönlichkeit;de
70120042288;neutral;pünkltlichkeit 0 5 std zu spät lag am zug sehr hilfsbereit auftreten eher introvertiert;de
70120044284;positive;ich habe frau von zur gathen in meine favoriten liste gesetzt bin sehr zufrieden;de
70120044263;positive;hat super geklappt danke für deinen einsatz;de
70120043208;negative;keinerlei servicekenntnisse;de
70120043956;negative;hat sich geweigert das kleid anzuziehen obwohl dies bei der jobanfrage ausdrücklich erwähnt wurde;de
70120045919;positive;ich habe frau von zur gathen in meine favoriten liste gesetzt bin sehr zufrieden;de
70120045386;positive;herzlichen dank für die tolle zusammenarbeit;de
70120048022;positive;sehr freundlich guter und aktiver umgang mit den kunden ohne aufdringlich zu wirken achtung am sa nur o 5h pause daher nur chf 10 mittagessenentschädigung eigentlich immer 1h pause einzuziehen;de
70120048014;negative;zum zweiten anlass mit uns zum zweiten mal zu spät erschienen;de
70120047057;negative;pünkltlichkeit 0 5 std zu spät lag am zug;de
70120047058;positive;sehr verständnisvolle und ruhige persönlichkeit;de
70120046740;positive;ich habe frau von zur gathen in meine favoriten liste gesetzt bin sehr zufrieden;de
70120046552;positive;sehr guter einsatz;de
70120048856;positive;martina hat kein küche erfahrung darum habe sie weniger gut bewertet bei fachkenntnisse ihre fachkenntnisse hat aber locher gereicht für das was sie bei uns machen müsste ich war sehr zufrieden mit ihrer arbeit;de
70120048226;positive;ich habe frau von zur gathen in meine favoriten liste gesetzt bin sehr zufrieden;de
70120048863;positive;herzlichen dank für die tolle zusammenarbeit;de
70120048278;positive;sehr guter einsatz;de
70120049743;positive;ich habe frau von zur gathen in meine favoriten liste gesetzt bin sehr zufrieden;de
70120050551;positive;ich habe frau von zur gathen in meine favoriten liste gesetzt bin sehr zufrieden;de
70120051315;negative;keinerlei servicekenntnisse;de
